FirstName,LastName,FullName,Initials,UserName
Noah,Smith,Noah Smith,NS,noahsmith40
Ava,Garcia,Ava Garcia,AG,avagarcia32
Oliver,Miller,Oliver Miller,OM,olivermiller38
Elijah,Jones,Elijah Jones,EJ,elijahjones7
Oliver,Williams,Oliver Williams,OW,oliverwilliams24
Noah,Jones,Noah Jones,NJ,noahjones6
Isabella,Garcia,Isabella Garcia,IG,isabellagarcia45
Ava,Brown,Ava Brown,AB,avabrown4
Emma,Smith,Emma Smith,ES,emmasmith60
Emma,Davis,Emma Davis,ED,emmadavis82
Isabella,Miller,Isabella Miller,IM,isabellamiller1
Liam,Jones,Liam Jones,LJ,liamjones70
Liam,Brown,Liam Brown,LB,liambrown68
Liam,Brown,Liam Brown,LB,liambrown9
James,Williams,James Williams,JW,jameswilliams72
Ava,Miller,Ava Miller,AM,avamiller55
Elijah,Garcia,Elijah Garcia,EG,elijahgarcia38
Ava,Miller,Ava Miller,AM,avamiller52
Emma,Miller,Emma Miller,EM,emmamiller79
Isabella,Smith,Isabella Smith,IS,isabellasmith66
James,Davis,James Davis,JD,jamesdavis61
Liam,Williams,Liam Williams,LW,liamwilliams4
Oliver,Garcia,Oliver Garcia,OG,olivergarcia35
Liam,Miller,Liam Miller,LM,liammiller48
Sophia,Garcia,Sophia Garcia,SG,sophiagarcia38
Isabella,Smith,Isabella Smith,IS,isabellasmith1
Sophia,Rodriguez,Sophia Rodriguez,SR,sophiarodriguez49
Elijah,Brown,Elijah Brown,EB,elijahbrown50
Amelia,Smith,Amelia Smith,AS,ameliasmith94
Noah,Rodriguez,Noah Rodriguez,NR,noahrodriguez88
Emma,Williams,Emma Williams,EW,emmawilliams81
Noah,Jones,Noah Jones,NJ,noahjones16
Noah,Williams,Noah Williams,NW,noahwilliams79
Emma,Jones,Emma Jones,EJ,emmajones49
Noah,Miller,Noah Miller,NM,noahmiller45
Oliver,Garcia,Oliver Garcia,OG,olivergarcia93
Emma,Williams,Emma Williams,EW,emmawilliams53
Amelia,Smith,Amelia Smith,AS,ameliasmith29
Elijah,Smith,Elijah Smith,ES,elijahsmith72
Emma,Jones,Emma Jones,EJ,emmajones73
Isabella,Johnson,Isabella Johnson,IJ,isabellajohnson20
Sophia,Brown,Sophia Brown,SB,sophiabrown26
Emma,Martinez,Emma Martinez,EM,emmamartinez24
Amelia,Martinez,Amelia Martinez,AM,ameliamartinez27
Noah,Smith,Noah Smith,NS,noahsmith54
Ava,Miller,Ava Miller,AM,avamiller45
Ava,Williams,Ava Williams,AW,avawilliams88
Emma,Martinez,Emma Martinez,EM,emmamartinez72
Isabella,Miller,Isabella Miller,IM,isabellamiller48
Amelia,Williams,Amelia Williams,AW,ameliawilliams8
Ava,Garcia,Ava Garcia,AG,avagarcia19
Liam,Miller,Liam Miller,LM,liammiller9
Amelia,Garcia,Amelia Garcia,AG,ameliagarcia46
James,Miller,James Miller,JM,jamesmiller84
Emma,Martinez,Emma Martinez,EM,emmamartinez66
Liam,Johnson,Liam Johnson,LJ,liamjohnson49
Ava,Martinez,Ava Martinez,AM,avamartinez21
Liam,Williams,Liam Williams,LW,liamwilliams66
Elijah,Martinez,Elijah Martinez,EM,elijahmartinez37
Liam,Garcia,Liam Garcia,LG,liamgarcia85
James,Brown,James Brown,JB,jamesbrown15
Amelia,Williams,Amelia Williams,AW,ameliawilliams76
Liam,Rodriguez,Liam Rodriguez,LR,liamrodriguez80
Isabella,Davis,Isabella Davis,ID,isabelladavis54
Isabella,Jones,Isabella Jones,IJ,isabellajones90
Elijah,Smith,Elijah Smith,ES,elijahsmith97
Isabella,Jones,Isabella Jones,IJ,isabellajones17
Noah,Johnson,Noah Johnson,NJ,noahjohnson27
Emma,Garcia,Emma Garcia,EG,emmagarcia7
Amelia,Rodriguez,Amelia Rodriguez,AR,ameliarodriguez63
Liam,Davis,Liam Davis,LD,liamdavis88
Isabella,Garcia,Isabella Garcia,IG,isabellagarcia18
Elijah,Johnson,Elijah Johnson,EJ,elijahjohnson69
Liam,Garcia,Liam Garcia,LG,liamgarcia72
Liam,Miller,Liam Miller,LM,liammiller59
Liam,Martinez,Liam Martinez,LM,liammartinez9
Isabella,Davis,Isabella Davis,ID,isabelladavis44
Ava,Brown,Ava Brown,AB,avabrown1
Noah,Johnson,Noah Johnson,NJ,noahjohnson4
Isabella,Brown,Isabella Brown,IB,isabellabrown26
Noah,Brown,Noah Brown,NB,noahbrown17
James,Smith,James Smith,JS,jamessmith76
Sophia,Jones,Sophia Jones,SJ,sophiajones42
Emma,Garcia,Emma Garcia,EG,emmagarcia75
Ava,Garcia,Ava Garcia,AG,avagarcia20
Sophia,Martinez,Sophia Martinez,SM,sophiamartinez36
Emma,Miller,Emma Miller,EM,emmamiller97
Liam,Garcia,Liam Garcia,LG,liamgarcia9
Emma,Rodriguez,Emma Rodriguez,ER,emmarodriguez95
Amelia,Brown,Amelia Brown,AB,ameliabrown86
Liam,Jones,Liam Jones,LJ,liamjones78
Emma,Martinez,Emma Martinez,EM,emmamartinez85
Oliver,Jones,Oliver Jones,OJ,oliverjones45
Isabella,Smith,Isabella Smith,IS,isabellasmith60
Ava,Garcia,Ava Garcia,AG,avagarcia36
Elijah,Garcia,Elijah Garcia,EG,elijahgarcia63
Emma,Garcia,Emma Garcia,EG,emmagarcia88
Emma,Davis,Emma Davis,ED,emmadavis92
Amelia,Martinez,Amelia Martinez,AM,ameliamartinez52
Ava,Brown,Ava Brown,AB,avabrown89